{
  "ruleKey": "feature-name-matches-filename",
  "displayName": "Feature Name Matches Filename",
  "severity": "MINOR",
  "defaultActive": false,
  "allPassed": true,
  "fixtures": [
    {
      "name": "compliant.feature",
      "status": "PASS",
      "expectedIssues": [],
      "actualIssues": [],
      "mismatches": []
    },
    {
      "name": "noncompliant.feature",
      "status": "PASS",
      "expectedIssues": [{"line":2,"message":"Feature name \"Order cancellation policy\" does not correspond to file name \"noncompliant.feature\"."}],
      "actualIssues": [{"line":2,"message":"Feature name \"Order cancellation policy\" does not correspond to file name \"noncompliant.feature\"."}],
      "mismatches": []
    },
    {
      "name": "short-name.feature",
      "status": "PASS",
      "expectedIssues": [],
      "actualIssues": [],
      "mismatches": []
    }
  ]
}
