{
  "ruleKey": "unique-examples-headers",
  "displayName": "Unique Examples Headers",
  "severity": "CRITICAL",
  "defaultActive": true,
  "allPassed": true,
  "fixtures": [
    {
      "name": "compliant.feature",
      "status": "PASS",
      "expectedIssues": [],
      "actualIssues": [],
      "mismatches": []
    },
    {
      "name": "no-examples.feature",
      "status": "PASS",
      "expectedIssues": [],
      "actualIssues": [],
      "mismatches": []
    },
    {
      "name": "noncompliant.feature",
      "status": "PASS",
      "expectedIssues": [{"line":9,"message":"Remove duplicate Examples header \"username\"."}],
      "actualIssues": [{"line":9,"message":"Remove duplicate Examples header \"username\"."}],
      "mismatches": []
    }
  ]
}
