{
  "ruleKey": "outline-placeholder-required",
  "displayName": "Outline Placeholder Required",
  "severity": "MAJOR",
  "defaultActive": false,
  "allPassed": true,
  "fixtures": [
    {
      "name": "compliant.feature",
      "status": "PASS",
      "expectedIssues": [],
      "actualIssues": [],
      "mismatches": []
    },
    {
      "name": "no-outlines.feature",
      "status": "PASS",
      "expectedIssues": [],
      "actualIssues": [],
      "mismatches": []
    },
    {
      "name": "noncompliant.feature",
      "status": "PASS",
      "expectedIssues": [{"line":4,"message":"This Scenario Outline does not reference any <placeholder> variables. Add placeholders to parameterize the steps, or use a plain Scenario instead."}],
      "actualIssues": [{"line":4,"message":"This Scenario Outline does not reference any <placeholder> variables. Add placeholders to parameterize the steps, or use a plain Scenario instead."}],
      "mismatches": []
    }
  ]
}
