{
  "ruleKey": "fixme-comment",
  "displayName": "Fixme Comment",
  "severity": "INFO",
  "defaultActive": true,
  "allPassed": true,
  "fixtures": [
    {
      "name": "compliant.feature",
      "status": "PASS",
      "expectedIssues": [],
      "actualIssues": [],
      "mismatches": []
    },
    {
      "name": "noncompliant.feature",
      "status": "PASS",
      "expectedIssues": [{"line":6}],
      "actualIssues": [{"line":6,"message":"Address or remove this FIXME comment."}],
      "mismatches": []
    }
  ]
}
