{
  "ruleKey": "rule-scenario-required",
  "displayName": "Rule Scenario Required",
  "severity": "MAJOR",
  "defaultActive": true,
  "allPassed": true,
  "fixtures": [
    {
      "name": "compliant.feature",
      "status": "PASS",
      "expectedIssues": [],
      "actualIssues": [],
      "mismatches": []
    },
    {
      "name": "no-rules.feature",
      "status": "PASS",
      "expectedIssues": [],
      "actualIssues": [],
      "mismatches": []
    },
    {
      "name": "noncompliant.feature",
      "status": "PASS",
      "expectedIssues": [{"line":5,"message":"Add at least one Scenario to this Rule."}],
      "actualIssues": [{"line":5,"message":"Add at least one Scenario to this Rule."}],
      "mismatches": []
    }
  ]
}
