{
  "ruleKey": "no-empty-examples-cells",
  "displayName": "No Empty Examples Cells",
  "severity": "MAJOR",
  "defaultActive": false,
  "allPassed": true,
  "fixtures": [
    {
      "name": "compliant.feature",
      "status": "PASS",
      "expectedIssues": [],
      "actualIssues": [],
      "mismatches": []
    },
    {
      "name": "no-examples.feature",
      "status": "PASS",
      "expectedIssues": [],
      "actualIssues": [],
      "mismatches": []
    },
    {
      "name": "noncompliant.feature",
      "status": "PASS",
      "expectedIssues": [{"line":9,"message":"Examples table has an empty cell in data row 1, column \"count\"."}],
      "actualIssues": [{"line":9,"message":"Examples table has an empty cell in data row 1, column \"count\"."}],
      "mismatches": []
    }
  ]
}
