{
  "ruleKey": "rule-tag-placement",
  "displayName": "Rule Tag Placement",
  "severity": "MINOR",
  "defaultActive": true,
  "allPassed": true,
  "fixtures": [
    {
      "name": "compliant.feature",
      "status": "PASS",
      "expectedIssues": [],
      "actualIssues": [],
      "mismatches": []
    },
    {
      "name": "feature-tag-excluded.feature",
      "status": "PASS",
      "expectedIssues": [],
      "actualIssues": [],
      "mismatches": []
    },
    {
      "name": "no-rules.feature",
      "status": "PASS",
      "expectedIssues": [],
      "actualIssues": [],
      "mismatches": []
    },
    {
      "name": "noncompliant.feature",
      "status": "PASS",
      "expectedIssues": [{"line":4,"message":"Move these tags to the Rule level since they appear on all scenarios within this Rule: @api-test"}],
      "actualIssues": [{"line":4,"message":"Move these tags to the Rule level since they appear on all scenarios within this Rule: @api-test"}],
      "mismatches": []
    }
  ]
}
