{
  "ruleKey": "max-tags-per-element",
  "displayName": "Max Tags Per Element",
  "severity": "MINOR",
  "defaultActive": false,
  "allPassed": true,
  "fixtures": [
    {
      "name": "boundary-compliant.feature",
      "status": "PASS",
      "expectedIssues": [],
      "actualIssues": [],
      "mismatches": []
    },
    {
      "name": "compliant.feature",
      "status": "PASS",
      "expectedIssues": [],
      "actualIssues": [],
      "mismatches": []
    },
    {
      "name": "custom-limit-noncompliant.feature",
      "status": "PASS",
      "expectedIssues": [{"line":5,"message":"Scenario has 4 tags, which exceeds the limit of 3. Reduce the number of tags."}],
      "actualIssues": [{"line":5,"message":"Scenario has 4 tags, which exceeds the limit of 3. Reduce the number of tags."}],
      "mismatches": []
    },
    {
      "name": "noncompliant.feature",
      "status": "PASS",
      "expectedIssues": [{"line":5,"message":"Scenario has 10 tags, which exceeds the limit of 8. Reduce the number of tags."}],
      "actualIssues": [{"line":5,"message":"Scenario has 10 tags, which exceeds the limit of 8. Reduce the number of tags."}],
      "mismatches": []
    }
  ]
}
