{
  "ruleKey": "data-table-max-columns",
  "displayName": "Data Table Max Columns",
  "severity": "MINOR",
  "defaultActive": false,
  "allPassed": true,
  "fixtures": [
    {
      "name": "compliant.feature",
      "status": "PASS",
      "expectedIssues": [],
      "actualIssues": [],
      "mismatches": []
    },
    {
      "name": "custom-limit-noncompliant.feature",
      "status": "PASS",
      "expectedIssues": [{"line":5,"message":"Step data table has 5 columns, which exceeds the limit of 4. Consider reducing the number of columns."}],
      "actualIssues": [{"line":5,"message":"Step data table has 5 columns, which exceeds the limit of 4. Consider reducing the number of columns."}],
      "mismatches": []
    },
    {
      "name": "examples-noncompliant.feature",
      "status": "PASS",
      "expectedIssues": [{"line":9,"message":"Examples data table has 12 columns, which exceeds the limit of 10. Consider reducing the number of columns."}],
      "actualIssues": [{"line":9,"message":"Examples data table has 12 columns, which exceeds the limit of 10. Consider reducing the number of columns."}],
      "mismatches": []
    },
    {
      "name": "noncompliant.feature",
      "status": "PASS",
      "expectedIssues": [{"line":5,"message":"Step data table has 12 columns, which exceeds the limit of 10. Consider reducing the number of columns."}],
      "actualIssues": [{"line":5,"message":"Step data table has 12 columns, which exceeds the limit of 10. Consider reducing the number of columns."}],
      "mismatches": []
    }
  ]
}
