{
  "ruleKey": "tag-permitted-values",
  "displayName": "Tag Permitted Values",
  "severity": "MINOR",
  "defaultActive": false,
  "allPassed": true,
  "fixtures": [
    {
      "name": "compliant.feature",
      "status": "PASS",
      "expectedIssues": [],
      "actualIssues": [],
      "mismatches": []
    },
    {
      "name": "noncompliant.feature",
      "status": "PASS",
      "expectedIssues": [{"line":6},{"line":13}],
      "actualIssues": [{"line":6,"message":"Tag name 'unauthorized-tag' does not match the permitted pattern: smoke|regression|api|integration"},{"line":13,"message":"Tag name 'typo-tag' does not match the permitted pattern: smoke|regression|api|integration"}],
      "mismatches": []
    }
  ]
}
