{
  "ruleKey": "step-required",
  "displayName": "Step Required",
  "severity": "MAJOR",
  "defaultActive": true,
  "allPassed": true,
  "fixtures": [
    {
      "name": "compliant.feature",
      "status": "PASS",
      "expectedIssues": [],
      "actualIssues": [],
      "mismatches": []
    },
    {
      "name": "noncompliant.feature",
      "status": "PASS",
      "expectedIssues": [{"line":4,"message":"Add at least one step to this Scenario."}],
      "actualIssues": [{"line":4,"message":"Add at least one step to this Scenario."}],
      "mismatches": []
    }
  ]
}
