{
  "ruleKey": "prefer-and-but-keywords",
  "displayName": "Prefer And But Keywords",
  "severity": "MINOR",
  "defaultActive": true,
  "allPassed": true,
  "fixtures": [
    {
      "name": "compliant.feature",
      "status": "PASS",
      "expectedIssues": [],
      "actualIssues": [],
      "mismatches": []
    },
    {
      "name": "noncompliant.feature",
      "status": "PASS",
      "expectedIssues": [{"line":6},{"line":9},{"line":12}],
      "actualIssues": [{"line":6,"message":"This Given step has the same type as the previous step. Use 'And' or 'But' instead of repeating 'Given'."},{"line":9,"message":"This When step has the same type as the previous step. Use 'And' or 'But' instead of repeating 'When'."},{"line":12,"message":"This Then step has the same type as the previous step. Use 'And' or 'But' instead of repeating 'Then'."}],
      "mismatches": []
    }
  ]
}
