{
  "ruleKey": "tag-name-pattern",
  "displayName": "Tag Name Pattern",
  "severity": "MINOR",
  "defaultActive": true,
  "allPassed": true,
  "fixtures": [
    {
      "name": "compliant.feature",
      "status": "PASS",
      "expectedIssues": [],
      "actualIssues": [],
      "mismatches": []
    },
    {
      "name": "custom-pattern-compliant.feature",
      "status": "PASS",
      "expectedIssues": [],
      "actualIssues": [],
      "mismatches": []
    },
    {
      "name": "custom-pattern-noncompliant.feature",
      "status": "PASS",
      "expectedIssues": [{"line":4}],
      "actualIssues": [{"line":4,"message":"Tag name 'credit-card' does not match the required pattern: ^[A-Z][a-zA-Z]*$"}],
      "mismatches": []
    },
    {
      "name": "noncompliant.feature",
      "status": "PASS",
      "expectedIssues": [{"line":4},{"line":6},{"line":13}],
      "actualIssues": [{"line":4,"message":"Tag name 'regression_test' does not match the required pattern: ^[a-z][-a-z0-9]*$"},{"line":6,"message":"Tag name '123-priority' does not match the required pattern: ^[a-z][-a-z0-9]*$"},{"line":13,"message":"Tag name 'PaymentProcessing' does not match the required pattern: ^[a-z][-a-z0-9]*$"}],
      "mismatches": []
    }
  ]
}
