{
  "ruleKey": "rule-scenario-count-limit",
  "displayName": "Rule Scenario Count Limit",
  "severity": "MAJOR",
  "defaultActive": true,
  "allPassed": true,
  "fixtures": [
    {
      "name": "compliant.feature",
      "status": "PASS",
      "expectedIssues": [],
      "actualIssues": [],
      "mismatches": []
    },
    {
      "name": "custom-limit-noncompliant.feature",
      "status": "PASS",
      "expectedIssues": [{"line":4,"message":"This Rule has 3 scenarios, which exceeds the limit of 2. Decompose it into smaller rules."}],
      "actualIssues": [{"line":4,"message":"This Rule has 3 scenarios, which exceeds the limit of 2. Decompose it into smaller rules."}],
      "mismatches": []
    },
    {
      "name": "no-rules.feature",
      "status": "PASS",
      "expectedIssues": [],
      "actualIssues": [],
      "mismatches": []
    },
    {
      "name": "noncompliant.feature",
      "status": "PASS",
      "expectedIssues": [{"line":4,"message":"This Rule has 11 scenarios, which exceeds the limit of 10. Decompose it into smaller rules."}],
      "actualIssues": [{"line":4,"message":"This Rule has 11 scenarios, which exceeds the limit of 10. Decompose it into smaller rules."}],
      "mismatches": []
    }
  ]
}
