{
  "ruleKey": "blank-line-before-scenario",
  "displayName": "Blank Line Before Scenario",
  "severity": "MINOR",
  "defaultActive": true,
  "allPassed": true,
  "fixtures": [
    {
      "name": "compliant.feature",
      "status": "PASS",
      "expectedIssues": [],
      "actualIssues": [],
      "mismatches": []
    },
    {
      "name": "noncompliant.feature",
      "status": "PASS",
      "expectedIssues": [{"line":8,"message":"Add a blank line before this Scenario."}],
      "actualIssues": [{"line":8,"message":"Add a blank line before this Scenario."}],
      "mismatches": []
    },
    {
      "name": "tags-compliant.feature",
      "status": "PASS",
      "expectedIssues": [],
      "actualIssues": [],
      "mismatches": []
    },
    {
      "name": "tags-noncompliant.feature",
      "status": "PASS",
      "expectedIssues": [{"line":9,"message":"Add a blank line before this Scenario."}],
      "actualIssues": [{"line":9,"message":"Add a blank line before this Scenario."}],
      "mismatches": []
    }
  ]
}
