{
  "ruleKey": "no-unused-variables",
  "displayName": "No Unused Variables",
  "severity": "MAJOR",
  "defaultActive": true,
  "allPassed": true,
  "fixtures": [
    {
      "name": "compliant.feature",
      "status": "PASS",
      "expectedIssues": [],
      "actualIssues": [],
      "mismatches": []
    },
    {
      "name": "noncompliant.feature",
      "status": "PASS",
      "expectedIssues": [{"line":9,"message":"Remove the unused \"unused\" column from this Examples table."}],
      "actualIssues": [{"line":9,"message":"Remove the unused \"unused\" column from this Examples table."}],
      "mismatches": []
    }
  ]
}
