{
  "ruleKey": "single-when-per-scenario",
  "displayName": "Single When Per Scenario",
  "severity": "MAJOR",
  "defaultActive": true,
  "allPassed": true,
  "fixtures": [
    {
      "name": "compliant.feature",
      "status": "PASS",
      "expectedIssues": [],
      "actualIssues": [],
      "mismatches": []
    },
    {
      "name": "noncompliant.feature",
      "status": "PASS",
      "expectedIssues": [{"line":4}],
      "actualIssues": [{"line":4,"message":"This Scenario has 2 When steps. Reduce to a single When step per Scenario."}],
      "mismatches": []
    }
  ]
}
