{
  "ruleKey": "step-order-given-when-then",
  "displayName": "Step Order Given When Then",
  "severity": "CRITICAL",
  "defaultActive": true,
  "allPassed": true,
  "fixtures": [
    {
      "name": "compliant.feature",
      "status": "PASS",
      "expectedIssues": [],
      "actualIssues": [],
      "mismatches": []
    },
    {
      "name": "noncompliant.feature",
      "status": "PASS",
      "expectedIssues": [{"line":8,"message":"Unexpected Given step. Reorder the steps of this scenario to follow Given/When/Then order."}],
      "actualIssues": [{"line":8,"message":"Unexpected Given step. Reorder the steps of this scenario to follow Given/When/Then order."}],
      "mismatches": []
    }
  ]
}
