{
  "ruleKey": "outline-single-example-row",
  "displayName": "Outline Single Example Row",
  "severity": "MINOR",
  "defaultActive": false,
  "allPassed": true,
  "fixtures": [
    {
      "name": "compliant.feature",
      "status": "PASS",
      "expectedIssues": [],
      "actualIssues": [],
      "mismatches": []
    },
    {
      "name": "custom-threshold-noncompliant.feature",
      "status": "PASS",
      "expectedIssues": [{"line":4,"message":"This Scenario Outline has 1 Examples section(s), each with at most 2 data row(s). Consider using a plain Scenario instead."}],
      "actualIssues": [{"line":4,"message":"This Scenario Outline has 1 Examples section(s), each with at most 2 data row(s). Consider using a plain Scenario instead."}],
      "mismatches": []
    },
    {
      "name": "mixed-examples-compliant.feature",
      "status": "PASS",
      "expectedIssues": [],
      "actualIssues": [],
      "mismatches": []
    },
    {
      "name": "multiple-examples-noncompliant.feature",
      "status": "PASS",
      "expectedIssues": [{"line":4,"message":"This Scenario Outline has 2 Examples section(s), each with at most 1 data row(s). Consider using a plain Scenario instead."}],
      "actualIssues": [{"line":4,"message":"This Scenario Outline has 2 Examples section(s), each with at most 1 data row(s). Consider using a plain Scenario instead."}],
      "mismatches": []
    },
    {
      "name": "noncompliant.feature",
      "status": "PASS",
      "expectedIssues": [{"line":4,"message":"This Scenario Outline has 1 Examples section(s), each with at most 1 data row(s). Consider using a plain Scenario instead."}],
      "actualIssues": [{"line":4,"message":"This Scenario Outline has 1 Examples section(s), each with at most 1 data row(s). Consider using a plain Scenario instead."}],
      "mismatches": []
    }
  ]
}
