{
  "ruleKey": "one-space-between-tags",
  "displayName": "One Space Between Tags",
  "severity": "MINOR",
  "defaultActive": true,
  "allPassed": true,
  "fixtures": [
    {
      "name": "compliant.feature",
      "status": "PASS",
      "expectedIssues": [],
      "actualIssues": [],
      "mismatches": []
    },
    {
      "name": "no-space-noncompliant.feature",
      "status": "PASS",
      "expectedIssues": [{"line":4,"message":"Use exactly one space between tags on this line."}],
      "actualIssues": [{"line":4,"message":"Use exactly one space between tags on this line."}],
      "mismatches": []
    },
    {
      "name": "noncompliant.feature",
      "status": "PASS",
      "expectedIssues": [{"line":4,"message":"Use exactly one space between tags on this line."},{"line":11,"message":"Use exactly one space between tags on this line."}],
      "actualIssues": [{"line":4,"message":"Use exactly one space between tags on this line."},{"line":11,"message":"Use exactly one space between tags on this line."}],
      "mismatches": []
    },
    {
      "name": "single-tag-compliant.feature",
      "status": "PASS",
      "expectedIssues": [],
      "actualIssues": [],
      "mismatches": []
    }
  ]
}
