{
  "ruleKey": "spelling-accuracy",
  "displayName": "Spelling Accuracy",
  "severity": "INFO",
  "defaultActive": false,
  "allPassed": true,
  "fixtures": [
    {
      "name": "compliant.feature",
      "status": "PASS",
      "expectedIssues": [],
      "actualIssues": [],
      "mismatches": []
    },
    {
      "name": "edge-case.feature",
      "status": "PASS",
      "expectedIssues": [],
      "actualIssues": [],
      "mismatches": []
    },
    {
      "name": "noncompliant.feature",
      "status": "PASS",
      "expectedIssues": [{"line":2},{"line":5},{"line":7},{"line":10}],
      "actualIssues": [{"line":2,"message":"Possible spelling mistake found. Consider: authentication"},{"line":5,"message":"Possible spelling mistake found. Consider: credentials"},{"line":7,"message":"Possible spelling mistake found. Consider: registered"},{"line":10,"message":"Possible spelling mistake found. Consider: authenticated"}],
      "mismatches": []
    }
  ]
}
