{
  "ruleKey": "newline-at-end-of-file",
  "displayName": "Newline At End Of File",
  "severity": "MINOR",
  "defaultActive": true,
  "allPassed": true,
  "fixtures": [
    {
      "name": "compliant.feature",
      "status": "PASS",
      "expectedIssues": [],
      "actualIssues": [],
      "mismatches": []
    },
    {
      "name": "noncompliant.feature",
      "status": "PASS",
      "expectedIssues": [{"line":0,"message":"Add a newline at the end of this file."}],
      "actualIssues": [{"line":0,"message":"Add a newline at the end of this file."}],
      "mismatches": []
    }
  ]
}
