{
  "ruleKey": "examples-name-when-multiple",
  "displayName": "Examples Name When Multiple",
  "severity": "MINOR",
  "defaultActive": false,
  "allPassed": true,
  "fixtures": [
    {
      "name": "compliant.feature",
      "status": "PASS",
      "expectedIssues": [],
      "actualIssues": [],
      "mismatches": []
    },
    {
      "name": "mixed.feature",
      "status": "PASS",
      "expectedIssues": [{"line":13}],
      "actualIssues": [{"line":13,"message":"Add a descriptive name to this Examples section; when multiple Examples sections exist, each should be named to distinguish them in test reports."}],
      "mismatches": []
    },
    {
      "name": "noncompliant.feature",
      "status": "PASS",
      "expectedIssues": [{"line":9},{"line":14}],
      "actualIssues": [{"line":9,"message":"Add a descriptive name to this Examples section; when multiple Examples sections exist, each should be named to distinguish them in test reports."},{"line":14,"message":"Add a descriptive name to this Examples section; when multiple Examples sections exist, each should be named to distinguish them in test reports."}],
      "mismatches": []
    }
  ]
}
