{
  "ruleKey": "scenario-required",
  "displayName": "Scenario Required",
  "severity": "MAJOR",
  "defaultActive": true,
  "allPassed": true,
  "fixtures": [
    {
      "name": "compliant-with-rule.feature",
      "status": "PASS",
      "expectedIssues": [],
      "actualIssues": [],
      "mismatches": []
    },
    {
      "name": "compliant.feature",
      "status": "PASS",
      "expectedIssues": [],
      "actualIssues": [],
      "mismatches": []
    },
    {
      "name": "noncompliant-empty-rule.feature",
      "status": "PASS",
      "expectedIssues": [{"line":2,"message":"Add at least one Scenario to this Feature."}],
      "actualIssues": [{"line":2,"message":"Add at least one Scenario to this Feature."}],
      "mismatches": []
    },
    {
      "name": "noncompliant.feature",
      "status": "PASS",
      "expectedIssues": [{"line":2,"message":"Add at least one Scenario to this Feature."}],
      "actualIssues": [{"line":2,"message":"Add at least one Scenario to this Feature."}],
      "mismatches": []
    }
  ]
}
