{
  "ruleKey": "scenario-description-recommended",
  "displayName": "Scenario Description Recommended",
  "severity": "INFO",
  "defaultActive": false,
  "allPassed": true,
  "fixtures": [
    {
      "name": "compliant.feature",
      "status": "PASS",
      "expectedIssues": [],
      "actualIssues": [],
      "mismatches": []
    },
    {
      "name": "noncompliant.feature",
      "status": "PASS",
      "expectedIssues": [{"line":4,"message":"Add a description to this scenario to explain its purpose."},{"line":10,"message":"Add a description to this scenario to explain its purpose."}],
      "actualIssues": [{"line":4,"message":"Add a description to this scenario to explain its purpose."},{"line":10,"message":"Add a description to this scenario to explain its purpose."}],
      "mismatches": []
    }
  ]
}
