{
  "ruleKey": "no-examples-tags",
  "displayName": "No Examples Tags",
  "severity": "MINOR",
  "defaultActive": false,
  "allPassed": true,
  "fixtures": [
    {
      "name": "compliant.feature",
      "status": "PASS",
      "expectedIssues": [],
      "actualIssues": [],
      "mismatches": []
    },
    {
      "name": "noncompliant.feature",
      "status": "PASS",
      "expectedIssues": [{"line":9},{"line":21}],
      "actualIssues": [{"line":9,"message":"Move this tag up to the Scenario Outline level. Tags should not be placed on Examples sections."},{"line":21,"message":"Move this tag up to the Scenario Outline level. Tags should not be placed on Examples sections."}],
      "mismatches": []
    }
  ]
}
