{
  "ruleKey": "todo-comment",
  "displayName": "Todo Comment",
  "severity": "INFO",
  "defaultActive": true,
  "allPassed": true,
  "fixtures": [
    {
      "name": "compliant.feature",
      "status": "PASS",
      "expectedIssues": [],
      "actualIssues": [],
      "mismatches": []
    },
    {
      "name": "noncompliant.feature",
      "status": "PASS",
      "expectedIssues": [{"line":6}],
      "actualIssues": [{"line":6,"message":"Complete or remove this TODO comment."}],
      "mismatches": []
    }
  ]
}
