{
  "ruleKey": "background-needs-multiple-scenarios",
  "displayName": "Background Needs Multiple Scenarios",
  "severity": "MINOR",
  "defaultActive": false,
  "allPassed": true,
  "fixtures": [
    {
      "name": "compliant.feature",
      "status": "PASS",
      "expectedIssues": [],
      "actualIssues": [],
      "mismatches": []
    },
    {
      "name": "feature-with-rules.feature",
      "status": "PASS",
      "expectedIssues": [],
      "actualIssues": [],
      "mismatches": []
    },
    {
      "name": "no-rules.feature",
      "status": "PASS",
      "expectedIssues": [],
      "actualIssues": [],
      "mismatches": []
    },
    {
      "name": "noncompliant.feature",
      "status": "PASS",
      "expectedIssues": [{"line":4,"message":"This Background serves only one scenario. Inline the Background steps into the scenario for clarity."}],
      "actualIssues": [{"line":4,"message":"This Background serves only one scenario. Inline the Background steps into the scenario for clarity."}],
      "mismatches": []
    },
    {
      "name": "rule-scoped-compliant.feature",
      "status": "PASS",
      "expectedIssues": [],
      "actualIssues": [],
      "mismatches": []
    },
    {
      "name": "rule-scoped-noncompliant.feature",
      "status": "PASS",
      "expectedIssues": [{"line":7,"message":"This Background serves only one scenario within this Rule. Inline the Background steps into the scenario for clarity."}],
      "actualIssues": [{"line":7,"message":"This Background serves only one scenario within this Rule. Inline the Background steps into the scenario for clarity."}],
      "mismatches": []
    },
    {
      "name": "zero-scenarios.feature",
      "status": "PASS",
      "expectedIssues": [],
      "actualIssues": [],
      "mismatches": []
    }
  ]
}
