{
  "ruleKey": "examples-separator-line",
  "displayName": "Examples Separator Line",
  "severity": "MINOR",
  "defaultActive": true,
  "allPassed": true,
  "fixtures": [
    {
      "name": "compliant.feature",
      "status": "PASS",
      "expectedIssues": [],
      "actualIssues": [],
      "mismatches": []
    },
    {
      "name": "noncompliant.feature",
      "status": "PASS",
      "expectedIssues": [{"line":8}],
      "actualIssues": [{"line":8,"message":"Add a blank line before this Examples section."}],
      "mismatches": []
    }
  ]
}
