{
  "ruleKey": "required-tags",
  "displayName": "Required Tags",
  "severity": "MAJOR",
  "defaultActive": false,
  "allPassed": true,
  "fixtures": [
    {
      "name": "compliant.feature",
      "status": "PASS",
      "expectedIssues": [],
      "actualIssues": [],
      "mismatches": []
    },
    {
      "name": "custom-pattern-noncompliant.feature",
      "status": "PASS",
      "expectedIssues": [{"line":5,"message":"Add at least one tag matching the required pattern \"smoke|regression\" to this scenario."}],
      "actualIssues": [{"line":5,"message":"Add at least one tag matching the required pattern \"smoke|regression\" to this scenario."}],
      "mismatches": []
    },
    {
      "name": "noncompliant.feature",
      "status": "PASS",
      "expectedIssues": [{"line":4,"message":"Add at least one tag matching the required pattern \".*\" to this scenario."}],
      "actualIssues": [{"line":4,"message":"Add at least one tag matching the required pattern \".*\" to this scenario."}],
      "mismatches": []
    },
    {
      "name": "outline-compliant.feature",
      "status": "PASS",
      "expectedIssues": [],
      "actualIssues": [],
      "mismatches": []
    },
    {
      "name": "outline-noncompliant.feature",
      "status": "PASS",
      "expectedIssues": [{"line":4,"message":"Add at least one tag matching the required pattern \"smoke|regression\" to this scenario."}],
      "actualIssues": [{"line":4,"message":"Add at least one tag matching the required pattern \"smoke|regression\" to this scenario."}],
      "mismatches": []
    }
  ]
}
