{
  "ruleKey": "scenario-count-limit",
  "displayName": "Scenario Count Limit",
  "severity": "MAJOR",
  "defaultActive": true,
  "allPassed": true,
  "fixtures": [
    {
      "name": "compliant.feature",
      "status": "PASS",
      "expectedIssues": [],
      "actualIssues": [],
      "mismatches": []
    },
    {
      "name": "custom-limit-noncompliant.feature",
      "status": "PASS",
      "expectedIssues": [{"line":2}],
      "actualIssues": [{"line":2,"message":"This Feature has 3 scenarios, which exceeds the limit of 2. Split it into smaller features."}],
      "mismatches": []
    },
    {
      "name": "noncompliant.feature",
      "status": "PASS",
      "expectedIssues": [{"line":2}],
      "actualIssues": [{"line":2,"message":"This Feature has 13 scenarios, which exceeds the limit of 12. Split it into smaller features."}],
      "mismatches": []
    }
  ]
}
