{
  "ruleKey": "consistent-indentation",
  "displayName": "Consistent Indentation",
  "severity": "MINOR",
  "defaultActive": true,
  "allPassed": true,
  "fixtures": [
    {
      "name": "compliant.feature",
      "status": "PASS",
      "expectedIssues": [],
      "actualIssues": [],
      "mismatches": []
    },
    {
      "name": "four-space-compliant.feature",
      "status": "PASS",
      "expectedIssues": [],
      "actualIssues": [],
      "mismatches": []
    },
    {
      "name": "four-space-noncompliant.feature",
      "status": "PASS",
      "expectedIssues": [{"line":7}],
      "actualIssues": [{"line":7,"message":"Expected indentation of 8 spaces (level 2), but found 2 spaces."}],
      "mismatches": []
    },
    {
      "name": "non-english-compliant.feature",
      "status": "PASS",
      "expectedIssues": [],
      "actualIssues": [],
      "mismatches": []
    },
    {
      "name": "non-english-noncompliant.feature",
      "status": "PASS",
      "expectedIssues": [{"line":5,"message":"Expected indentation of 2 spaces (level 1), but found 0 spaces."},{"line":7,"message":"Expected indentation of 4 spaces (level 2), but found 2 spaces."},{"line":9,"message":"Expected indentation of 4 spaces (level 2), but found 2 spaces."},{"line":11,"message":"Expected indentation of 4 spaces (level 2), but found 2 spaces."}],
      "actualIssues": [{"line":5,"message":"Expected indentation of 2 spaces (level 1), but found 0 spaces."},{"line":7,"message":"Expected indentation of 4 spaces (level 2), but found 2 spaces."},{"line":9,"message":"Expected indentation of 4 spaces (level 2), but found 2 spaces."},{"line":11,"message":"Expected indentation of 4 spaces (level 2), but found 2 spaces."}],
      "mismatches": []
    },
    {
      "name": "noncompliant.feature",
      "status": "PASS",
      "expectedIssues": [{"line":4},{"line":6},{"line":8},{"line":10}],
      "actualIssues": [{"line":4,"message":"Expected indentation of 2 spaces (level 1), but found 0 spaces."},{"line":6,"message":"Expected indentation of 4 spaces (level 2), but found 6 spaces."},{"line":8,"message":"Expected indentation of 4 spaces (level 2), but found 2 spaces."},{"line":10,"message":"Expected indentation of 4 spaces (level 2), but found 6 spaces."}],
      "mismatches": []
    },
    {
      "name": "rule-block-noncompliant.feature",
      "status": "PASS",
      "expectedIssues": [{"line":6,"message":"Expected indentation of 4 spaces (level 2), but found 2 spaces."},{"line":8,"message":"Expected indentation of 6 spaces (level 3), but found 4 spaces."},{"line":10,"message":"Expected indentation of 6 spaces (level 3), but found 4 spaces."},{"line":12,"message":"Expected indentation of 6 spaces (level 3), but found 4 spaces."}],
      "actualIssues": [{"line":6,"message":"Expected indentation of 4 spaces (level 2), but found 2 spaces."},{"line":8,"message":"Expected indentation of 6 spaces (level 3), but found 4 spaces."},{"line":10,"message":"Expected indentation of 6 spaces (level 3), but found 4 spaces."},{"line":12,"message":"Expected indentation of 6 spaces (level 3), but found 4 spaces."}],
      "mismatches": []
    },
    {
      "name": "rule-block-tags-compliant.feature",
      "status": "PASS",
      "expectedIssues": [],
      "actualIssues": [],
      "mismatches": []
    },
    {
      "name": "rule-block-tags-noncompliant.feature",
      "status": "PASS",
      "expectedIssues": [{"line":6,"message":"Expected indentation of 4 spaces (level 2), but found 2 spaces."},{"line":13,"message":"Expected indentation of 2 spaces (level 1), but found 0 spaces."},{"line":17,"message":"Expected indentation of 4 spaces (level 2), but found 6 spaces."}],
      "actualIssues": [{"line":6,"message":"Expected indentation of 4 spaces (level 2), but found 2 spaces."},{"line":13,"message":"Expected indentation of 2 spaces (level 1), but found 0 spaces."},{"line":17,"message":"Expected indentation of 4 spaces (level 2), but found 6 spaces."}],
      "mismatches": []
    },
    {
      "name": "rule-block.feature",
      "status": "PASS",
      "expectedIssues": [],
      "actualIssues": [],
      "mismatches": []
    },
    {
      "name": "tags-compliant.feature",
      "status": "PASS",
      "expectedIssues": [],
      "actualIssues": [],
      "mismatches": []
    },
    {
      "name": "tags-noncompliant.feature",
      "status": "PASS",
      "expectedIssues": [{"line":2,"message":"Expected indentation of 0 spaces (level 0), but found 2 spaces."},{"line":6,"message":"Expected indentation of 2 spaces (level 1), but found 4 spaces."}],
      "actualIssues": [{"line":2,"message":"Expected indentation of 0 spaces (level 0), but found 2 spaces."},{"line":6,"message":"Expected indentation of 2 spaces (level 1), but found 4 spaces."}],
      "mismatches": []
    }
  ]
}
