{
  "ruleKey": "no-redundant-tags",
  "displayName": "No Redundant Tags",
  "severity": "MINOR",
  "defaultActive": true,
  "allPassed": true,
  "fixtures": [
    {
      "name": "compliant.feature",
      "status": "PASS",
      "expectedIssues": [],
      "actualIssues": [],
      "mismatches": []
    },
    {
      "name": "noncompliant.feature",
      "status": "PASS",
      "expectedIssues": [{"line":5},{"line":12}],
      "actualIssues": [{"line":5,"message":"Remove this redundant tag 'smoke' that is already set at the Feature level."},{"line":12,"message":"Remove this redundant tag 'regression' that is already set at the Feature level."}],
      "mismatches": []
    },
    {
      "name": "rule-tags-noncompliant.feature",
      "status": "PASS",
      "expectedIssues": [],
      "actualIssues": [],
      "mismatches": []
    }
  ]
}
