{
  "ruleKey": "no-trailing-whitespace",
  "displayName": "No Trailing Whitespace",
  "severity": "MINOR",
  "defaultActive": true,
  "allPassed": true,
  "fixtures": [
    {
      "name": "compliant.feature",
      "status": "PASS",
      "expectedIssues": [],
      "actualIssues": [],
      "mismatches": []
    },
    {
      "name": "noncompliant.feature",
      "status": "PASS",
      "expectedIssues": [{"line":4},{"line":7}],
      "actualIssues": [{"line":4,"message":"Remove trailing whitespace."},{"line":7,"message":"Remove trailing whitespace."}],
      "mismatches": []
    }
  ]
}
