{
  "ruleKey": "comment-format",
  "displayName": "Comment Format",
  "severity": "MINOR",
  "defaultActive": true,
  "allPassed": true,
  "fixtures": [
    {
      "name": "compliant.feature",
      "status": "PASS",
      "expectedIssues": [],
      "actualIssues": [],
      "mismatches": []
    },
    {
      "name": "noncompliant.feature",
      "status": "PASS",
      "expectedIssues": [{"line":4},{"line":8}],
      "actualIssues": [{"line":4,"message":"Add a space after the '#' symbol in this comment."},{"line":8,"message":"Add a space after the '#' symbol in this comment."}],
      "mismatches": []
    }
  ]
}
