{
  "ruleKey": "no-restricted-patterns",
  "displayName": "No Restricted Patterns",
  "severity": "MAJOR",
  "defaultActive": false,
  "allPassed": true,
  "fixtures": [
    {
      "name": "compliant.feature",
      "status": "PASS",
      "expectedIssues": [],
      "actualIssues": [],
      "mismatches": []
    },
    {
      "name": "custom-pattern-noncompliant.feature",
      "status": "PASS",
      "expectedIssues": [{"line":2,"message":"Feature name matches the restricted pattern \"TODO|FIXME|HACK\". Remove or rephrase it."}],
      "actualIssues": [{"line":2,"message":"Feature name matches the restricted pattern \"TODO|FIXME|HACK\". Remove or rephrase it."}],
      "mismatches": []
    },
    {
      "name": "noncompliant.feature",
      "status": "PASS",
      "expectedIssues": [{"line":5,"message":"Step text matches the restricted pattern \"https?://\". Remove or rephrase it."}],
      "actualIssues": [{"line":5,"message":"Step text matches the restricted pattern \"https?://\". Remove or rephrase it."}],
      "mismatches": []
    }
  ]
}
