{
  "ruleKey": "no-duplicate-scenario-bodies",
  "displayName": "No Duplicate Scenario Bodies",
  "severity": "MAJOR",
  "defaultActive": false,
  "allPassed": true,
  "fixtures": [
    {
      "name": "compliant.feature",
      "status": "PASS",
      "expectedIssues": [],
      "actualIssues": [],
      "mismatches": []
    },
    {
      "name": "no-steps.feature",
      "status": "PASS",
      "expectedIssues": [],
      "actualIssues": [],
      "mismatches": []
    },
    {
      "name": "noncompliant.feature",
      "status": "PASS",
      "expectedIssues": [{"line":9,"message":"This scenario has an identical step sequence to the scenario at line 3. Consider consolidating."}],
      "actualIssues": [{"line":9,"message":"This scenario has an identical step sequence to the scenario at line 3. Consider consolidating."}],
      "mismatches": []
    },
    {
      "name": "rule-scoped-noncompliant.feature",
      "status": "PASS",
      "expectedIssues": [{"line":11,"message":"This scenario has an identical step sequence to the scenario at line 5. Consider consolidating."}],
      "actualIssues": [{"line":11,"message":"This scenario has an identical step sequence to the scenario at line 5. Consider consolidating."}],
      "mismatches": []
    }
  ]
}
