{
  "ruleKey": "no-multiple-empty-lines",
  "displayName": "No Multiple Empty Lines",
  "severity": "MINOR",
  "defaultActive": true,
  "allPassed": true,
  "fixtures": [
    {
      "name": "compliant.feature",
      "status": "PASS",
      "expectedIssues": [],
      "actualIssues": [],
      "mismatches": []
    },
    {
      "name": "noncompliant.feature",
      "status": "PASS",
      "expectedIssues": [{"line":8,"message":"Remove this unnecessary blank line; only one consecutive blank line is allowed."}],
      "actualIssues": [{"line":8,"message":"Remove this unnecessary blank line; only one consecutive blank line is allowed."}],
      "mismatches": []
    },
    {
      "name": "single-blank-compliant.feature",
      "status": "PASS",
      "expectedIssues": [],
      "actualIssues": [],
      "mismatches": []
    }
  ]
}
