{
  "ruleKey": "feature-name-required",
  "displayName": "Feature Name Required",
  "severity": "CRITICAL",
  "defaultActive": true,
  "allPassed": true,
  "fixtures": [
    {
      "name": "compliant.feature",
      "status": "PASS",
      "expectedIssues": [],
      "actualIssues": [],
      "mismatches": []
    },
    {
      "name": "noncompliant.feature",
      "status": "PASS",
      "expectedIssues": [{"line":2,"message":"Add a name to this Feature."}],
      "actualIssues": [{"line":2,"message":"Add a name to this Feature."}],
      "mismatches": []
    }
  ]
}
