{
  "ruleKey": "step-count-limit",
  "displayName": "Step Count Limit",
  "severity": "MAJOR",
  "defaultActive": true,
  "allPassed": true,
  "fixtures": [
    {
      "name": "compliant.feature",
      "status": "PASS",
      "expectedIssues": [],
      "actualIssues": [],
      "mismatches": []
    },
    {
      "name": "custom-limit-noncompliant.feature",
      "status": "PASS",
      "expectedIssues": [{"line":4}],
      "actualIssues": [{"line":4,"message":"This Scenario has 4 steps, which exceeds the limit of 3. Split it into smaller scenarios."}],
      "mismatches": []
    },
    {
      "name": "noncompliant.feature",
      "status": "PASS",
      "expectedIssues": [{"line":4}],
      "actualIssues": [{"line":4,"message":"This Scenario has 13 steps, which exceeds the limit of 12. Split it into smaller scenarios."}],
      "mismatches": []
    }
  ]
}
