{
  "ruleKey": "no-tab-characters",
  "displayName": "No Tab Characters",
  "severity": "MINOR",
  "defaultActive": true,
  "allPassed": true,
  "fixtures": [
    {
      "name": "compliant.feature",
      "status": "PASS",
      "expectedIssues": [],
      "actualIssues": [],
      "mismatches": []
    },
    {
      "name": "noncompliant.feature",
      "status": "PASS",
      "expectedIssues": [{"line":4},{"line":6}],
      "actualIssues": [{"line":4,"message":"Replace tab character at column 1 with spaces."},{"line":6,"message":"Replace tab character at column 1 with spaces."}],
      "mismatches": []
    }
  ]
}
