{
  "ruleKey": "examples-column-coverage",
  "displayName": "Examples Column Coverage",
  "severity": "CRITICAL",
  "defaultActive": true,
  "allPassed": true,
  "fixtures": [
    {
      "name": "compliant.feature",
      "status": "PASS",
      "expectedIssues": [],
      "actualIssues": [],
      "mismatches": []
    },
    {
      "name": "noncompliant.feature",
      "status": "PASS",
      "expectedIssues": [{"line":9,"message":"Add a \"email\" column to this Examples table."}],
      "actualIssues": [{"line":9,"message":"Add a \"email\" column to this Examples table."}],
      "mismatches": []
    }
  ]
}
