{
  "ruleKey": "step-sentence-max-length",
  "displayName": "Step Sentence Max Length",
  "severity": "MAJOR",
  "defaultActive": true,
  "allPassed": true,
  "fixtures": [
    {
      "name": "compliant.feature",
      "status": "PASS",
      "expectedIssues": [],
      "actualIssues": [],
      "mismatches": []
    },
    {
      "name": "custom-limit-noncompliant.feature",
      "status": "PASS",
      "expectedIssues": [{"line":6}],
      "actualIssues": [{"line":6,"message":"Step sentence is 61 characters long, which exceeds the maximum of 50 characters. Consider splitting it into shorter steps."}],
      "mismatches": []
    },
    {
      "name": "noncompliant.feature",
      "status": "PASS",
      "expectedIssues": [{"line":6}],
      "actualIssues": [{"line":6,"message":"Step sentence is 179 characters long, which exceeds the maximum of 100 characters. Consider splitting it into shorter steps."}],
      "mismatches": []
    }
  ]
}
