{
  "ruleKey": "when-step-pattern",
  "displayName": "When Step Pattern",
  "severity": "MINOR",
  "defaultActive": false,
  "allPassed": true,
  "fixtures": [
    {
      "name": "compliant.feature",
      "status": "PASS",
      "expectedIssues": [],
      "actualIssues": [],
      "mismatches": []
    },
    {
      "name": "noncompliant.feature",
      "status": "PASS",
      "expectedIssues": [{"line":6}],
      "actualIssues": [{"line":6,"message":"When step does not match the required pattern: ^the .*"}],
      "mismatches": []
    }
  ]
}
