{
  "ruleKey": "no-commented-out-steps",
  "displayName": "No Commented Out Steps",
  "severity": "MINOR",
  "defaultActive": false,
  "allPassed": true,
  "fixtures": [
    {
      "name": "compliant.feature",
      "status": "PASS",
      "expectedIssues": [],
      "actualIssues": [],
      "mismatches": []
    },
    {
      "name": "language-declaration.feature",
      "status": "PASS",
      "expectedIssues": [],
      "actualIssues": [],
      "mismatches": []
    },
    {
      "name": "noncompliant.feature",
      "status": "PASS",
      "expectedIssues": [{"line":9,"message":"Remove or restore this commented-out step."},{"line":11,"message":"Remove or restore this commented-out step."},{"line":13,"message":"Remove or restore this commented-out step."}],
      "actualIssues": [{"line":9,"message":"Remove or restore this commented-out step."},{"line":11,"message":"Remove or restore this commented-out step."},{"line":13,"message":"Remove or restore this commented-out step."}],
      "mismatches": []
    }
  ]
}
