{
  "ruleKey": "scenario-outline-requires-examples",
  "displayName": "Scenario Outline Requires Examples",
  "severity": "MAJOR",
  "defaultActive": true,
  "allPassed": true,
  "fixtures": [
    {
      "name": "compliant.feature",
      "status": "PASS",
      "expectedIssues": [],
      "actualIssues": [],
      "mismatches": []
    },
    {
      "name": "no-outlines.feature",
      "status": "PASS",
      "expectedIssues": [],
      "actualIssues": [],
      "mismatches": []
    },
    {
      "name": "non-english-compliant.feature",
      "status": "PASS",
      "expectedIssues": [],
      "actualIssues": [],
      "mismatches": []
    },
    {
      "name": "non-english-noncompliant.feature",
      "status": "PASS",
      "expectedIssues": [{"line":5,"message":"Add an Examples section to this Scenario Outline. A Scenario Outline without Examples produces zero test iterations."}],
      "actualIssues": [{"line":5,"message":"Add an Examples section to this Scenario Outline. A Scenario Outline without Examples produces zero test iterations."}],
      "mismatches": []
    },
    {
      "name": "noncompliant.feature",
      "status": "PASS",
      "expectedIssues": [{"line":4,"message":"Add an Examples section to this Scenario Outline. A Scenario Outline without Examples produces zero test iterations."}],
      "actualIssues": [{"line":4,"message":"Add an Examples section to this Scenario Outline. A Scenario Outline without Examples produces zero test iterations."}],
      "mismatches": []
    }
  ]
}
