{
  "ruleKey": "comment-pattern-match",
  "displayName": "Comment Pattern Match",
  "severity": "MAJOR",
  "defaultActive": false,
  "allPassed": true,
  "fixtures": [
    {
      "name": "compliant.feature",
      "status": "PASS",
      "expectedIssues": [],
      "actualIssues": [],
      "mismatches": []
    },
    {
      "name": "noncompliant.feature",
      "status": "PASS",
      "expectedIssues": [{"line":6}],
      "actualIssues": [{"line":6,"message":"This comment matches the forbidden pattern: (?i)hack"}],
      "mismatches": []
    }
  ]
}
