{
  "ruleKey": "use-scenario-outline-for-examples",
  "displayName": "Use Scenario Outline For Examples",
  "severity": "MAJOR",
  "defaultActive": true,
  "allPassed": true,
  "fixtures": [
    {
      "name": "compliant.feature",
      "status": "PASS",
      "expectedIssues": [],
      "actualIssues": [],
      "mismatches": []
    },
    {
      "name": "non-english-compliant.feature",
      "status": "PASS",
      "expectedIssues": [],
      "actualIssues": [],
      "mismatches": []
    },
    {
      "name": "non-english-noncompliant.feature",
      "status": "PASS",
      "expectedIssues": [{"line":6}],
      "actualIssues": [{"line":6,"message":"Use \"Scenario Outline\" instead of \"Scenario\" when an Examples table is present."}],
      "mismatches": []
    },
    {
      "name": "noncompliant.feature",
      "status": "PASS",
      "expectedIssues": [{"line":7}],
      "actualIssues": [{"line":7,"message":"Use \"Scenario Outline\" instead of \"Scenario\" when an Examples table is present."}],
      "mismatches": []
    }
  ]
}
