{
  "ruleKey": "feature-rule-count-limit",
  "displayName": "Feature Rule Count Limit",
  "severity": "MAJOR",
  "defaultActive": true,
  "allPassed": true,
  "fixtures": [
    {
      "name": "compliant.feature",
      "status": "PASS",
      "expectedIssues": [],
      "actualIssues": [],
      "mismatches": []
    },
    {
      "name": "custom-limit-noncompliant.feature",
      "status": "PASS",
      "expectedIssues": [{"line":2,"message":"This Feature has 3 Rule blocks, which exceeds the limit of 2. Split it into smaller features."}],
      "actualIssues": [{"line":2,"message":"This Feature has 3 Rule blocks, which exceeds the limit of 2. Split it into smaller features."}],
      "mismatches": []
    },
    {
      "name": "no-rules.feature",
      "status": "PASS",
      "expectedIssues": [],
      "actualIssues": [],
      "mismatches": []
    },
    {
      "name": "noncompliant.feature",
      "status": "PASS",
      "expectedIssues": [{"line":2,"message":"This Feature has 9 Rule blocks, which exceeds the limit of 8. Split it into smaller features."}],
      "actualIssues": [{"line":2,"message":"This Feature has 9 Rule blocks, which exceeds the limit of 8. Split it into smaller features."}],
      "mismatches": []
    }
  ]
}
