{
  "ruleKey": "unique-rule-name",
  "displayName": "Unique Rule Name",
  "severity": "MAJOR",
  "defaultActive": true,
  "allPassed": true,
  "fixtures": [
    {
      "name": "compliant.feature",
      "status": "PASS",
      "expectedIssues": [],
      "actualIssues": [],
      "mismatches": []
    },
    {
      "name": "no-rules.feature",
      "status": "PASS",
      "expectedIssues": [],
      "actualIssues": [],
      "mismatches": []
    },
    {
      "name": "noncompliant.feature",
      "status": "PASS",
      "expectedIssues": [{"line":13,"message":"Rename this Rule. The name \"Cart management\" is already used in this Feature."}],
      "actualIssues": [{"line":13,"message":"Rename this Rule. The name \"Cart management\" is already used in this Feature."}],
      "mismatches": []
    }
  ]
}
