{
  "ruleKey": "no-partially-commented-tag-lines",
  "displayName": "No Partially Commented Tag Lines",
  "severity": "MINOR",
  "defaultActive": true,
  "allPassed": true,
  "fixtures": [
    {
      "name": "compliant.feature",
      "status": "PASS",
      "expectedIssues": [],
      "actualIssues": [],
      "mismatches": []
    },
    {
      "name": "noncompliant.feature",
      "status": "PASS",
      "expectedIssues": [{"line":4,"message":"Do not mix tags and comments on the same line; move the comment to a separate line."},{"line":11,"message":"Do not mix tags and comments on the same line; move the comment to a separate line."}],
      "actualIssues": [{"line":4,"message":"Do not mix tags and comments on the same line; move the comment to a separate line."},{"line":11,"message":"Do not mix tags and comments on the same line; move the comment to a separate line."}],
      "mismatches": []
    },
    {
      "name": "pure-comments-compliant.feature",
      "status": "PASS",
      "expectedIssues": [],
      "actualIssues": [],
      "mismatches": []
    }
  ]
}
