{
  "ruleKey": "no-star-step-prefix",
  "displayName": "No Star Step Prefix",
  "severity": "MINOR",
  "defaultActive": false,
  "allPassed": true,
  "fixtures": [
    {
      "name": "compliant.feature",
      "status": "PASS",
      "expectedIssues": [],
      "actualIssues": [],
      "mismatches": []
    },
    {
      "name": "first-star-step-noncompliant.feature",
      "status": "PASS",
      "expectedIssues": [{"line":5},{"line":11},{"line":14}],
      "actualIssues": [{"line":5,"message":"Replace the \"*\" prefix with an explicit keyword (Given, When, Then, And, or But)."},{"line":11,"message":"Replace the \"*\" prefix with an explicit keyword (Given, When, Then, And, or But)."},{"line":14,"message":"Replace the \"*\" prefix with an explicit keyword (Given, When, Then, And, or But)."}],
      "mismatches": []
    },
    {
      "name": "noncompliant.feature",
      "status": "PASS",
      "expectedIssues": [{"line":6},{"line":9}],
      "actualIssues": [{"line":6,"message":"Replace the \"*\" prefix with an explicit keyword (Given, When, Then, And, or But)."},{"line":9,"message":"Replace the \"*\" prefix with an explicit keyword (Given, When, Then, And, or But)."}],
      "mismatches": []
    }
  ]
}
