{
  "ruleKey": "feature-description-recommended",
  "displayName": "Feature Description Recommended",
  "severity": "INFO",
  "defaultActive": false,
  "allPassed": true,
  "fixtures": [
    {
      "name": "compliant.feature",
      "status": "PASS",
      "expectedIssues": [],
      "actualIssues": [],
      "mismatches": []
    },
    {
      "name": "noncompliant.feature",
      "status": "PASS",
      "expectedIssues": [{"line":2,"message":"Add a description to this Feature."}],
      "actualIssues": [{"line":2,"message":"Add a description to this Feature."}],
      "mismatches": []
    }
  ]
}
