{
  "ruleKey": "consistent-scenario-keyword",
  "displayName": "Consistent Scenario Keyword",
  "severity": "MINOR",
  "defaultActive": false,
  "allPassed": true,
  "fixtures": [
    {
      "name": "all-example-keyword.feature",
      "status": "PASS",
      "expectedIssues": [],
      "actualIssues": [],
      "mismatches": []
    },
    {
      "name": "compliant.feature",
      "status": "PASS",
      "expectedIssues": [],
      "actualIssues": [],
      "mismatches": []
    },
    {
      "name": "noncompliant.feature",
      "status": "PASS",
      "expectedIssues": [{"line":14}],
      "actualIssues": [{"line":14,"message":"Use \"Scenario\" consistently instead of \"Example\"; the majority of scenarios in this file use \"Scenario\"."}],
      "mismatches": []
    },
    {
      "name": "only-outlines.feature",
      "status": "PASS",
      "expectedIssues": [],
      "actualIssues": [],
      "mismatches": []
    },
    {
      "name": "single-scenario.feature",
      "status": "PASS",
      "expectedIssues": [],
      "actualIssues": [],
      "mismatches": []
    }
  ]
}
