{
  "ruleKey": "no-duplicate-tags",
  "displayName": "No Duplicate Tags",
  "severity": "MINOR",
  "defaultActive": true,
  "allPassed": true,
  "fixtures": [
    {
      "name": "compliant.feature",
      "status": "PASS",
      "expectedIssues": [],
      "actualIssues": [],
      "mismatches": []
    },
    {
      "name": "noncompliant.feature",
      "status": "PASS",
      "expectedIssues": [{"line":2},{"line":6},{"line":18}],
      "actualIssues": [{"line":2,"message":"Remove this duplicate tag \"@smoke\"; it already appears on this element."},{"line":6,"message":"Remove this duplicate tag \"@critical\"; it already appears on this element."},{"line":18,"message":"Remove this duplicate tag \"@fast\"; it already appears on this element."}],
      "mismatches": []
    },
    {
      "name": "rule-duplicates.feature",
      "status": "PASS",
      "expectedIssues": [{"line":4}],
      "actualIssues": [{"line":4,"message":"Remove this duplicate tag \"@api\"; it already appears on this element."}],
      "mismatches": []
    }
  ]
}
