{
  "ruleKey": "when-then-required",
  "displayName": "When Then Required",
  "severity": "CRITICAL",
  "defaultActive": true,
  "allPassed": true,
  "fixtures": [
    {
      "name": "compliant.feature",
      "status": "PASS",
      "expectedIssues": [],
      "actualIssues": [],
      "mismatches": []
    },
    {
      "name": "noncompliant.feature",
      "status": "PASS",
      "expectedIssues": [{"line":7},{"line":12}],
      "actualIssues": [{"line":7,"message":"Add a When step to this Scenario."},{"line":12,"message":"Add a Then step to this Scenario."}],
      "mismatches": []
    }
  ]
}
