{
  "ruleKey": "background-given-only",
  "displayName": "Background Given Only",
  "severity": "CRITICAL",
  "defaultActive": true,
  "allPassed": true,
  "fixtures": [
    {
      "name": "compliant.feature",
      "status": "PASS",
      "expectedIssues": [],
      "actualIssues": [],
      "mismatches": []
    },
    {
      "name": "noncompliant.feature",
      "status": "PASS",
      "expectedIssues": [{"line":10,"message":"Move this When step out of the Background. Only Given steps are allowed here."},{"line":12,"message":"Move this Then step out of the Background. Only Given steps are allowed here."}],
      "actualIssues": [{"line":10,"message":"Move this When step out of the Background. Only Given steps are allowed here."},{"line":12,"message":"Move this Then step out of the Background. Only Given steps are allowed here."}],
      "mismatches": []
    }
  ]
}
