{
  "ruleKey": "feature-file-required",
  "displayName": "Feature File Required",
  "severity": "MAJOR",
  "defaultActive": true,
  "allPassed": true,
  "fixtures": [
    {
      "name": "compliant.feature",
      "status": "PASS",
      "expectedIssues": [],
      "actualIssues": [],
      "mismatches": []
    },
    {
      "name": "noncompliant.feature",
      "status": "PASS",
      "expectedIssues": [{"line":0,"message":"Add a Feature definition to this file or remove the file."}],
      "actualIssues": [{"line":0,"message":"Add a Feature definition to this file or remove the file."}],
      "mismatches": []
    }
  ]
}
