{
  "ruleKey": "no-unknown-step-type",
  "displayName": "No Unknown Step Type",
  "severity": "MAJOR",
  "defaultActive": true,
  "allPassed": true,
  "fixtures": [
    {
      "name": "compliant.feature",
      "status": "PASS",
      "expectedIssues": [],
      "actualIssues": [],
      "mismatches": []
    },
    {
      "name": "first-star-step-noncompliant.feature",
      "status": "PASS",
      "expectedIssues": [{"line":5},{"line":11},{"line":14}],
      "actualIssues": [{"line":5,"message":"This step has an unknown type. Use an explicit keyword (Given, When, Then, And, or But)."},{"line":11,"message":"This step has an unknown type. Use an explicit keyword (Given, When, Then, And, or But)."},{"line":14,"message":"This step has an unknown type. Use an explicit keyword (Given, When, Then, And, or But)."}],
      "mismatches": []
    },
    {
      "name": "noncompliant.feature",
      "status": "PASS",
      "expectedIssues": [{"line":6}],
      "actualIssues": [{"line":6,"message":"This step has an unknown type. Use an explicit keyword (Given, When, Then, And, or But)."}],
      "mismatches": []
    }
  ]
}
