{
  "ruleKey": "no-conflicting-tags",
  "displayName": "No Conflicting Tags",
  "severity": "MAJOR",
  "defaultActive": false,
  "allPassed": true,
  "fixtures": [
    {
      "name": "compliant.feature",
      "status": "PASS",
      "expectedIssues": [],
      "actualIssues": [],
      "mismatches": []
    },
    {
      "name": "custom-config.feature",
      "status": "PASS",
      "expectedIssues": [{"line":5,"message":"Tags \"@manual\" and \"@automated\" conflict and should not appear together."}],
      "actualIssues": [{"line":5,"message":"Tags \"@manual\" and \"@automated\" conflict and should not appear together."}],
      "mismatches": []
    },
    {
      "name": "empty-config.feature",
      "status": "PASS",
      "expectedIssues": [],
      "actualIssues": [],
      "mismatches": []
    },
    {
      "name": "noncompliant.feature",
      "status": "PASS",
      "expectedIssues": [{"line":5,"message":"Tags \"@wip\" and \"@release-ready\" conflict and should not appear together."}],
      "actualIssues": [{"line":5,"message":"Tags \"@wip\" and \"@release-ready\" conflict and should not appear together."}],
      "mismatches": []
    }
  ]
}
