{
  "ruleKey": "tag-placement",
  "displayName": "Tag Placement",
  "severity": "MINOR",
  "defaultActive": true,
  "allPassed": true,
  "fixtures": [
    {
      "name": "compliant.feature",
      "status": "PASS",
      "expectedIssues": [],
      "actualIssues": [],
      "mismatches": []
    },
    {
      "name": "noncompliant.feature",
      "status": "PASS",
      "expectedIssues": [{"line":2}],
      "actualIssues": [{"line":2,"message":"Move these tags to the Feature level since they appear on all scenarios: @regression, @smoke"}],
      "mismatches": []
    },
    {
      "name": "rule-tags-compliant.feature",
      "status": "PASS",
      "expectedIssues": [],
      "actualIssues": [],
      "mismatches": []
    },
    {
      "name": "rule-tags-noncompliant.feature",
      "status": "PASS",
      "expectedIssues": [],
      "actualIssues": [],
      "mismatches": []
    }
  ]
}
