{
  "ruleKey": "no-duplicate-steps",
  "displayName": "No Duplicate Steps",
  "severity": "CRITICAL",
  "defaultActive": true,
  "allPassed": true,
  "fixtures": [
    {
      "name": "compliant.feature",
      "status": "PASS",
      "expectedIssues": [],
      "actualIssues": [],
      "mismatches": []
    },
    {
      "name": "noncompliant.feature",
      "status": "PASS",
      "expectedIssues": [{"line":12}],
      "actualIssues": [{"line":12,"message":"Remove this duplicate step. The same step text appears earlier in this block."}],
      "mismatches": []
    }
  ]
}
