{
  "ruleKey": "background-step-count-limit",
  "displayName": "Background Step Count Limit",
  "severity": "MAJOR",
  "defaultActive": true,
  "allPassed": true,
  "fixtures": [
    {
      "name": "compliant.feature",
      "status": "PASS",
      "expectedIssues": [],
      "actualIssues": [],
      "mismatches": []
    },
    {
      "name": "custom-limit.feature",
      "status": "PASS",
      "expectedIssues": [{"line":4,"message":"This Background has 4 steps (maximum allowed: 3). Consider moving some steps into individual scenarios."}],
      "actualIssues": [{"line":4,"message":"This Background has 4 steps (maximum allowed: 3). Consider moving some steps into individual scenarios."}],
      "mismatches": []
    },
    {
      "name": "noncompliant.feature",
      "status": "PASS",
      "expectedIssues": [{"line":4,"message":"This Background has 7 steps (maximum allowed: 5). Consider moving some steps into individual scenarios."}],
      "actualIssues": [{"line":4,"message":"This Background has 7 steps (maximum allowed: 5). Consider moving some steps into individual scenarios."}],
      "mismatches": []
    }
  ]
}
