{
  "ruleKey": "rule-description-recommended",
  "displayName": "Rule Description Recommended",
  "severity": "INFO",
  "defaultActive": false,
  "allPassed": true,
  "fixtures": [
    {
      "name": "compliant.feature",
      "status": "PASS",
      "expectedIssues": [],
      "actualIssues": [],
      "mismatches": []
    },
    {
      "name": "no-rules.feature",
      "status": "PASS",
      "expectedIssues": [],
      "actualIssues": [],
      "mismatches": []
    },
    {
      "name": "noncompliant.feature",
      "status": "PASS",
      "expectedIssues": [{"line":5,"message":"Add a description to this Rule."}],
      "actualIssues": [{"line":5,"message":"Add a description to this Rule."}],
      "mismatches": []
    }
  ]
}
