{
  "ruleKey": "no-redundant-rule-tags",
  "displayName": "No Redundant Rule Tags",
  "severity": "MINOR",
  "defaultActive": true,
  "allPassed": true,
  "fixtures": [
    {
      "name": "compliant.feature",
      "status": "PASS",
      "expectedIssues": [],
      "actualIssues": [],
      "mismatches": []
    },
    {
      "name": "feature-tag-overlap.feature",
      "status": "PASS",
      "expectedIssues": [],
      "actualIssues": [],
      "mismatches": []
    },
    {
      "name": "no-rules.feature",
      "status": "PASS",
      "expectedIssues": [],
      "actualIssues": [],
      "mismatches": []
    },
    {
      "name": "noncompliant.feature",
      "status": "PASS",
      "expectedIssues": [{"line":7,"message":"Remove this redundant tag 'api-test' that is already set at the Rule level."},{"line":14,"message":"Remove this redundant tag 'api-test' that is already set at the Rule level."}],
      "actualIssues": [{"line":7,"message":"Remove this redundant tag 'api-test' that is already set at the Rule level."},{"line":14,"message":"Remove this redundant tag 'api-test' that is already set at the Rule level."}],
      "mismatches": []
    }
  ]
}
