{
  "ruleKey": "shared-given-to-background",
  "displayName": "Shared Given To Background",
  "severity": "MAJOR",
  "defaultActive": true,
  "allPassed": true,
  "fixtures": [
    {
      "name": "compliant.feature",
      "status": "PASS",
      "expectedIssues": [],
      "actualIssues": [],
      "mismatches": []
    },
    {
      "name": "noncompliant.feature",
      "status": "PASS",
      "expectedIssues": [{"line":2,"message":"Move the common Given step(s) to a Background section."}],
      "actualIssues": [{"line":2,"message":"Move the common Given step(s) to a Background section."}],
      "mismatches": []
    },
    {
      "name": "rule-scoped-compliant.feature",
      "status": "PASS",
      "expectedIssues": [],
      "actualIssues": [],
      "mismatches": []
    },
    {
      "name": "rule-scoped-noncompliant.feature",
      "status": "PASS",
      "expectedIssues": [{"line":4,"message":"Move the common Given step(s) to a Background section within this Rule."}],
      "actualIssues": [{"line":4,"message":"Move the common Given step(s) to a Background section within this Rule."}],
      "mismatches": []
    }
  ]
}
