{
  "ruleKey": "no-empty-doc-strings",
  "displayName": "No Empty Doc Strings",
  "severity": "MINOR",
  "defaultActive": true,
  "allPassed": true,
  "fixtures": [
    {
      "name": "compliant.feature",
      "status": "PASS",
      "expectedIssues": [],
      "actualIssues": [],
      "mismatches": []
    },
    {
      "name": "no-doc-strings.feature",
      "status": "PASS",
      "expectedIssues": [],
      "actualIssues": [],
      "mismatches": []
    },
    {
      "name": "noncompliant.feature",
      "status": "PASS",
      "expectedIssues": [{"line":6,"message":"Remove or fill in this empty doc string."}],
      "actualIssues": [{"line":6,"message":"Remove or fill in this empty doc string."}],
      "mismatches": []
    }
  ]
}
