{
  "ruleKey": "business-language-only",
  "displayName": "Business Language Only",
  "severity": "MAJOR",
  "defaultActive": true,
  "allPassed": true,
  "fixtures": [
    {
      "name": "compliant.feature",
      "status": "PASS",
      "expectedIssues": [],
      "actualIssues": [],
      "mismatches": []
    },
    {
      "name": "noncompliant.feature",
      "status": "PASS",
      "expectedIssues": [{"line":7},{"line":9}],
      "actualIssues": [{"line":7,"message":"Replace the technical term \"click\" with business-level language."},{"line":9,"message":"Replace the technical term \"submit\" with business-level language."}],
      "mismatches": []
    }
  ]
}
