{
  "ruleKey": "no-restricted-tags",
  "displayName": "No Restricted Tags",
  "severity": "MAJOR",
  "defaultActive": false,
  "allPassed": true,
  "fixtures": [
    {
      "name": "compliant.feature",
      "status": "PASS",
      "expectedIssues": [],
      "actualIssues": [],
      "mismatches": []
    },
    {
      "name": "custom-list-noncompliant.feature",
      "status": "PASS",
      "expectedIssues": [{"line":4,"message":"Remove the restricted tag \"@skip\"; it should not be committed."}],
      "actualIssues": [{"line":4,"message":"Remove the restricted tag \"@skip\"; it should not be committed."}],
      "mismatches": []
    },
    {
      "name": "noncompliant.feature",
      "status": "PASS",
      "expectedIssues": [{"line":4,"message":"Remove the restricted tag \"@wip\"; it should not be committed."},{"line":11,"message":"Remove the restricted tag \"@debug\"; it should not be committed."}],
      "actualIssues": [{"line":4,"message":"Remove the restricted tag \"@wip\"; it should not be committed."},{"line":11,"message":"Remove the restricted tag \"@debug\"; it should not be committed."}],
      "mismatches": []
    }
  ]
}
