{
  "ruleKey": "name-max-length",
  "displayName": "Name Max Length",
  "severity": "MINOR",
  "defaultActive": false,
  "allPassed": true,
  "fixtures": [
    {
      "name": "compliant.feature",
      "status": "PASS",
      "expectedIssues": [],
      "actualIssues": [],
      "mismatches": []
    },
    {
      "name": "custom-limit-noncompliant.feature",
      "status": "PASS",
      "expectedIssues": [{"line":4,"message":"Scenario name is 56 characters long, which exceeds the limit of 50. Shorten the name."}],
      "actualIssues": [{"line":4,"message":"Scenario name is 56 characters long, which exceeds the limit of 50. Shorten the name."}],
      "mismatches": []
    },
    {
      "name": "noncompliant.feature",
      "status": "PASS",
      "expectedIssues": [{"line":2,"message":"Feature name is 153 characters long, which exceeds the limit of 120. Shorten the name."},{"line":5,"message":"Scenario name is 158 characters long, which exceeds the limit of 120. Shorten the name."}],
      "actualIssues": [{"line":2,"message":"Feature name is 153 characters long, which exceeds the limit of 120. Shorten the name."},{"line":5,"message":"Scenario name is 158 characters long, which exceeds the limit of 120. Shorten the name."}],
      "mismatches": []
    },
    {
      "name": "rule-name-noncompliant.feature",
      "status": "PASS",
      "expectedIssues": [{"line":4,"message":"Rule name is 51 characters long, which exceeds the limit of 50. Shorten the name."}],
      "actualIssues": [{"line":4,"message":"Rule name is 51 characters long, which exceeds the limit of 50. Shorten the name."}],
      "mismatches": []
    }
  ]
}
